total_spend,num_transactions,num_products,last_purchase_week,first_purchase_week
4330.16,86,677,102,8
1954.34,45,546,96,15
2653.21,47,516,101,17
1200.1100000000001,30,164,90,16
779.0600000000001,40,199,101,13
5996.16,250,811,102,18
3400.05,59,829,102,4
5534.97,113,1288,102,10
797.42,20,185,99,16
234.34,9,65,99,17
33.39,5,17,60,16
266.21,7,75,73,11
13190.92,275,1008,102,15
2761.19,140,574,101,1
972.53,55,235,101,4
1512.02,98,282,99,15
5139.63,124,444,99,4
7118.91,163,691,102,14
11299.61,421,1786,102,11
7486.11,387,477,102,12
870.11,27,228,98,11
6256.04,136,722,102,4
3158.58,110,450,102,16
1911.11,74,370,102,9
3149.65,94,452,101,2
1937.39,113,481,101,8
5736.24,405,546,102,6
2119.62,125,370,101,17
1343.03,69,341,102,6
622.8,28,133,102,12
4396.9,69,686,102,15
3381.82,116,714,102,8
1200.74,52,257,102,16
407.38,36,120,102,1
1119.51,60,240,102,4
4898.25,221,681,102,13
2976.66,63,206,102,13
706.13,27,133,79,15
5033.66,64,1244,99,4
12907.89,400,1525,102,11
3107.13,73,355,102,11
1985.8600000000001,89,305,102,15
884.84,106,245,102,17
877.76,32,278,90,12
807.09,57,158,85,15
8433.43,137,1308,102,3
2329.13,111,450,102,16
1172.83,50,253,102,17
6445.03,121,1044,101,9
351.39,15,116,97,17
3046.86,83,450,102,3
5487.28,139,1015,102,3
1962.26,56,332,102,11
103.09,11,33,71,6
1072.79,141,240,101,10
6691.53,201,1107,102,14
3105.87,194,514,102,8
10367.08,268,1386,102,12
1688.33,44,384,98,10
400.94,8,98,100,14
183.8,11,40,100,12
359.29,33,184,96,10
589.6,33,65,102,13
3917.81,264,760,102,2
2042.17,122,423,97,6
395.95,29,163,99,18
9618.9,227,1322,102,15
4960.77,553,962,102,1
5704.34,183,1190,102,13
76.4,32,21,101,2
3376.03,90,407,102,10
6473.43,107,1030,100,11
2864.18,164,515,95,9
2047.64,131,412,94,5
1167.09,64,148,102,13
315.94,16,103,102,7
6227.1,87,1313,102,1
2505.14,210,390,102,13
3950.12,154,761,102,15
3002.09,94,824,100,8
5553.7,152,1013,102,8
566.51,51,70,102,12
1183.74,110,290,102,6
1208.09,52,336,100,7
4696.49,282,963,102,3
4019.44,46,757,97,10
1202.3,45,197,102,13
11615.66,229,1994,102,13
177.56,11,46,92,16
490.41,10,109,97,13
2899.66,181,463,102,9
1587.38,57,553,101,15
3346.7200000000003,106,485,79,2
442.64,36,119,100,13
6500.18,308,1192,102,13
1182.43,59,254,102,4
5323.95,180,968,102,7
2547.3,205,683,102,1
6926.15,255,1327,102,13
2294.62,33,432,99,2
6651.58,242,574,102,17
304.84000000000003,8,92,26,8
541.99,51,208,102,14
6546.74,128,1065,102,17
4591.67,169,1253,102,2
2014.66,67,338,101,15
1222.83,41,197,98,10
2671.16,62,646,99,13
3501.07,104,774,102,17
3461.32,185,848,102,10
1515.65,51,480,99,3
1342.65,80,196,100,7
15324.95,223,2013,102,14
3315.63,88,684,102,2
13262.1,201,1261,102,6
647.72,83,169,102,7
2568.21,94,717,102,5
4526.21,90,583,102,15
2593.01,62,595,102,9
242.32,19,23,94,8
2225.58,112,625,96,17
2354.22,132,537,97,1
3222.65,174,583,99,12
683.41,61,162,102,10
10601.5,358,1397,101,2
853.45,31,264,101,13
4658.2300000000005,191,890,102,14
1381.08,41,252,102,3
475.73,40,169,99,17
511.62,20,121,49,4
6156.22,354,1317,102,4
2875.2400000000002,98,610,101,6
3823.89,75,741,102,15
5535.09,86,1102,102,6
717.5,74,179,102,11
2804.82,77,773,100,16
1062.17,38,298,90,15
3529.19,68,757,102,11
3073.33,83,594,102,11
1720.64,140,412,100,6
448.34,52,169,102,7
2324.19,176,258,102,3
6574.2300000000005,408,1244,102,15
2126.31,88,495,93,14
1470.49,59,400,101,10
843.02,41,282,101,5
1487.21,36,520,100,10
1231.76,55,307,101,14
11920.93,215,1229,94,7
230.35,6,70,88,13
1226.14,49,284,102,17
1454.28,37,329,100,6
1558.65,92,436,101,12
867.1800000000001,30,218,92,17
2101.05,52,399,101,16
5224.07,587,1160,102,17
2748.9500000000003,172,688,102,4
1869.79,180,247,101,17
2143.87,86,634,100,12
1536.09,57,375,101,11
6071.52,266,854,102,15
3037.54,71,430,102,4
272.52,17,104,94,10
4272.41,116,1127,102,17
2995.47,174,502,102,7
3059.69,122,410,102,9
1268.02,20,286,102,6
510.8,37,129,101,4
255.58,24,27,97,10
2024.51,45,578,100,6
740.46,25,310,101,13
1770.8700000000001,159,192,102,10
234.97,10,51,57,11
1208.39,27,321,96,9
1154.02,51,314,94,2
788.29,23,177,88,17
1130.58,50,310,100,8
2028.47,119,350,102,4
620.5600000000001,38,143,75,11
2103.4,68,479,100,15
1670.82,39,364,85,7
1162.34,36,283,94,5
1560.67,136,355,97,2
7090.07,257,827,102,15
2137.62,68,476,101,6
59.52,3,13,102,15
701.0,59,262,101,6
1847.6200000000001,43,478,100,9
801.99,38,149,100,12
696.28,23,206,96,15
552.85,34,182,102,4
3778.08,95,494,102,7
4814.66,136,501,100,5
1882.81,73,473,102,6
4166.72,91,715,102,7
5261.19,186,1096,102,10
1929.23,55,266,102,12
8659.17,461,1777,102,12
667.97,54,165,101,11
1166.63,80,332,102,4
1435.17,48,288,101,18
964.88,37,240,100,9
908.83,42,270,102,16
929.27,57,311,102,14
3749.64,106,633,102,10
386.6,15,124,94,9
995.72,21,311,94,10
4296.33,140,484,101,8
6876.56,196,921,102,14
3772.56,147,839,102,3
2244.06,112,334,102,14
3052.66,109,864,100,1
606.5,9,210,97,12
2657.91,86,464,101,17
1672.66,142,479,102,10
2624.5,120,369,102,1
2435.12,65,473,99,9
9211.72,164,1116,102,16
11884.79,228,1405,102,9
2525.2400000000002,91,491,98,6
2879.29,79,663,100,15
5897.9,130,902,102,7
2738.98,118,593,100,2
1600.8,56,429,102,8
729.82,44,207,97,8
1205.06,50,291,96,3
1390.25,135,288,101,9
2404.81,87,569,102,12
1004.89,40,226,100,6
4521.01,168,992,102,15
325.68,9,91,65,5
12695.57,631,1931,97,11
645.39,15,109,100,16
260.64,19,110,100,12
12156.64,200,1466,102,2
1591.78,47,428,102,8
549.59,6,148,94,17
693.4,28,169,94,5
4671.2,264,1226,102,5
365.61,31,96,101,1
199.73,16,56,97,16
5231.8,87,946,102,11
8074.12,250,1078,102,9
1698.95,41,422,97,8
1396.45,48,310,98,1
847.25,47,238,100,5
1243.06,59,321,101,11
6039.01,57,1514,101,5
2823.23,137,589,101,12
5991.84,121,521,102,16
2268.51,83,546,101,4
93.78,9,27,96,17
10993.710000000001,385,1746,102,3
442.14,43,146,102,3
672.09,18,141,100,1
9850.35,125,918,102,5
2689.9900000000002,122,574,100,9
2631.11,211,962,102,7
1158.33,54,193,100,2
425.04,30,156,101,17
1241.8700000000001,44,216,94,16
4802.27,218,931,100,15
5870.33,325,815,102,14
1783.07,61,439,98,9
1881.76,53,485,102,17
3130.2200000000003,59,505,100,12
385.56,26,37,97,7
809.21,30,289,97,16
1764.76,84,263,102,15
923.46,41,178,102,15
1375.52,98,224,101,1
401.62,7,123,66,12
2500.86,127,500,102,3
120.07000000000001,15,65,97,12
6284.99,321,708,102,15
5758.71,173,836,102,11
754.05,31,175,100,6
2053.56,84,450,102,7
1816.6200000000001,53,358,94,12
2375.86,105,399,102,2
1495.08,79,264,102,3
4162.56,110,722,102,9
6023.37,78,1089,101,6
534.98,21,144,101,14
4227.64,202,816,102,12
1245.24,41,194,102,10
3229.28,271,797,102,2
3114.77,92,623,102,16
5970.47,183,830,100,17
5524.34,290,907,102,12
2474.4900000000002,61,510,99,16
977.07,83,282,101,17
3957.66,108,775,100,1
5411.36,269,1025,102,2
149.31,5,40,102,12
149.25,12,35,100,16
3535.62,114,751,100,12
224.86,7,109,42,9
242.24,11,25,102,16
4974.31,107,990,99,11
7211.68,81,1273,102,4
1797.53,95,403,99,15
4879.67,199,956,102,17
8586.28,304,1711,102,1
3827.02,141,489,102,5
5716.7300000000005,185,1131,102,15
2582.03,415,336,102,6
2465.26,83,463,102,3
2325.59,22,292,90,5
184.02,9,48,102,12
1351.13,51,337,102,5
2578.05,40,555,100,13
92.54,4,37,13,8
3004.01,41,556,102,2
182.19,11,54,90,1
1037.78,53,330,102,11
6083.3,61,906,102,6
1242.25,92,244,102,10
3758.5,109,853,99,4
497.41,19,135,99,13
5935.66,106,816,99,9
2418.88,71,680,102,15
156.99,14,52,102,6
8554.87,150,1173,102,8
2850.58,75,757,100,11
739.72,26,123,102,16
226.71,27,99,97,10
17332.13,239,2054,102,10
3026.71,146,586,102,12
1679.38,189,335,99,13
1273.3,65,294,99,17
5519.02,118,1419,102,2
1248.81,39,303,98,8
4827.8,466,984,102,5
2822.18,147,475,102,5
3089.7400000000002,120,448,99,17
933.59,61,172,101,12
2690.97,154,563,102,23
1668.92,67,529,100,14
1057.56,29,273,90,2
393.5,30,140,92,16
2125.51,48,544,101,15
1650.64,67,347,101,1
2237.91,48,497,102,14
5741.08,182,1344,102,5
5351.41,124,541,102,13
540.76,15,106,96,1
2961.83,126,760,102,17
869.16,34,235,102,15
3083.25,103,473,102,4
7659.67,296,909,102,14
178.7,6,53,100,13
3799.2000000000003,125,863,101,18
8729.87,157,1601,102,13
340.34,7,66,54,12
2837.33,234,393,102,13
1704.27,22,537,100,15
12729.34,371,1749,102,13
172.85,2,70,8,6
447.6,37,163,102,16
8747.1,217,1613,102,1
2987.4900000000002,91,543,102,3
52.4,4,22,84,14
2566.92,86,592,101,1
7048.43,170,714,100,2
615.78,48,261,97,12
7186.37,114,1102,102,5
1346.46,53,232,100,4
1034.95,35,298,102,12
3386.78,133,646,80,12
15716.54,161,2079,102,10
440.42,10,147,72,2
96.91,13,42,102,16
7099.56,163,869,101,5
203.94,24,58,100,14
4714.62,493,746,102,10
3166.45,133,628,102,15
4715.42,325,704,102,9
55.64,2,24,102,18
7726.4400000000005,129,999,102,14
3120.79,93,782,101,1
694.7,34,145,97,9
5763.4400000000005,150,629,100,11
3914.84,80,777,102,16
2929.72,41,562,101,6
4676.43,281,1174,102,6
5697.25,131,928,101,15
1286.54,58,389,102,15
14880.92,271,1698,102,16
1806.02,108,370,102,12
1412.64,49,334,88,13
11443.97,104,1236,102,11
3895.2400000000002,180,1092,102,9
1565.89,65,393,102,6
872.91,68,216,102,7
1790.73,107,351,101,16
6161.99,248,909,102,16
2092.6,125,568,101,16
978.48,17,221,95,17
18494.14,310,2390,102,16
2538.88,96,666,102,2
2233.84,80,388,101,10
914.56,46,159,92,6
6107.18,240,900,102,2
3652.97,98,539,102,5
1776.65,45,362,102,13
696.38,52,109,102,14
2470.9900000000002,56,491,100,12
4499.85,135,1023,102,4
1148.42,129,325,102,3
6697.21,158,826,101,13
2426.3,112,697,102,13
5963.78,284,545,101,6
2488.65,153,593,101,5
514.63,16,77,100,17
2177.04,29,578,83,10
3012.96,84,840,101,16
6960.96,256,1027,102,14
1696.6100000000001,46,298,92,12
2130.58,99,605,102,4
6013.04,194,1148,101,12
983.32,20,296,102,15
230.85,14,101,85,12
2441.79,24,455,99,15
5543.91,151,1005,102,5
7860.85,228,907,102,15
1073.01,53,208,102,2
3361.43,95,833,100,10
542.89,43,140,102,16
2377.09,107,557,102,15
531.67,36,127,102,14
3486.55,257,705,102,1
949.82,76,221,100,2
3778.75,117,761,102,11
1817.22,93,155,102,12
2318.7400000000002,30,491,100,17
5915.7300000000005,90,986,102,2
4456.52,67,685,101,15
568.21,38,129,102,15
83.88,6,26,71,17
2369.9,76,240,102,17
3094.71,214,632,102,12
2644.21,103,477,102,11
1261.6200000000001,44,354,82,10
2696.5,232,483,92,11
212.05,30,56,101,17
1670.44,136,366,102,8
493.37,45,95,102,5
827.44,34,200,101,15
1540.45,65,277,100,16
2376.28,161,438,102,2
786.99,26,261,99,16
742.95,34,176,102,12
8215.93,356,1352,102,2
1253.4,25,270,102,10
6314.03,94,1023,101,4
718.0,78,277,100,12
1685.64,127,445,102,17
1194.94,67,142,101,6
760.45,113,220,102,12
664.8,39,221,98,12
1510.63,97,440,102,8
5803.3,587,544,102,14
3590.4900000000002,173,858,102,10
382.55,44,157,100,12
423.32,17,110,96,15
2642.9900000000002,145,651,102,2
5835.68,334,1042,102,8
7748.49,165,1299,100,7
2305.0,156,337,102,2
1530.1200000000001,51,358,102,9
8295.58,96,1308,95,8
3208.71,70,507,102,12
2102.36,36,590,102,1
1525.02,41,447,102,6
1551.27,29,403,93,5
812.28,65,261,100,8
286.02,20,42,97,17
1773.3,185,546,101,14
3646.39,92,783,97,1
2055.92,49,535,99,5
1848.52,61,522,102,11
2718.9900000000002,98,612,102,5
2964.51,137,778,102,5
5431.01,162,728,102,17
922.39,29,379,100,15
133.68,9,39,96,15
406.96,20,138,95,11
5866.56,212,886,102,13
3886.87,80,748,100,6
4835.71,124,773,102,10
7148.28,117,972,91,18
4925.56,196,677,102,11
8.17,1,4,14,14
3050.52,73,609,98,9
648.4,13,114,94,17
766.4,63,276,101,16
904.1800000000001,58,297,102,8
753.36,70,225,78,6
84.82000000000001,5,33,65,3
478.13,22,134,100,7
2298.84,57,589,101,17
4723.8,151,1181,102,14
516.34,7,193,89,5
188.54,18,43,101,17
1254.17,32,340,102,8
1455.43,66,388,100,11
1190.51,55,290,100,17
277.14,16,51,82,5
7903.36,346,1667,102,13
5425.53,373,637,102,4
1114.44,25,341,102,14
12130.01,161,901,101,4
2339.27,66,339,101,14
1826.73,47,552,102,10
295.23,17,81,102,12
3742.89,105,918,101,11
4926.37,153,1074,102,14
819.13,32,256,95,2
2071.15,112,494,102,10
858.8000000000001,53,239,100,4
29.340000000000003,3,8,71,12
5731.87,277,796,102,12
1984.58,72,441,100,17
902.77,40,242,98,16
4574.92,183,967,102,15
3581.52,130,410,102,16
373.83,17,125,101,1
1831.14,56,511,100,2
1476.22,53,377,99,7
1060.64,40,231,102,17
401.88,23,102,93,17
2792.87,64,576,100,8
1315.44,465,440,102,17
1308.76,34,311,91,8
1557.13,87,500,102,2
1411.25,45,322,97,17
4382.21,69,777,101,8
1269.09,65,208,102,9
3280.73,93,503,102,19
1784.19,47,470,99,8
2313.52,123,595,100,9
3697.55,104,394,102,10
1594.85,131,528,98,4
2660.28,56,694,102,14
3339.0,122,381,91,16
1676.76,55,548,101,14
4255.83,93,939,98,13
2299.35,98,343,102,17
854.91,39,206,102,7
853.65,52,216,101,2
2289.47,44,539,101,8
7259.09,265,1460,102,14
1524.33,21,396,100,8
561.03,21,108,87,7
693.86,15,147,96,5
718.46,29,222,98,8
2426.35,115,493,101,16
249.34,27,80,71,12
7290.9,326,1378,102,3
1404.3600000000001,26,285,101,8
3178.11,79,475,100,6
2488.77,72,614,102,10
842.45,52,228,102,10
498.06,21,122,102,12
1218.08,146,345,102,12
3134.9,254,612,102,5
8612.85,180,1382,102,1
6749.1900000000005,102,962,102,10
1400.1100000000001,35,303,102,14
1114.16,16,271,87,5
903.15,45,282,74,14
3111.55,102,532,100,14
6753.54,120,1132,102,13
11771.13,356,1665,102,1
3750.12,167,718,98,7
4399.53,39,807,102,17
2996.69,117,696,101,14
435.26,23,111,101,9
1337.7,98,173,102,7
5060.44,146,936,101,8
5137.74,142,822,102,15
3063.34,156,629,99,5
1098.3,56,167,77,13
805.07,42,235,99,1
5822.64,211,1063,102,8
247.93,27,92,102,9
9540.54,262,1456,102,5
298.97,17,93,100,13
3338.41,134,589,102,5
13534.93,325,1733,102,8
660.79,34,220,95,5
646.4,57,226,99,1
2421.39,104,600,101,15
2373.7400000000002,146,676,102,10
2996.37,113,456,102,8
3826.25,100,984,102,6
3354.9,213,551,102,9
357.78000000000003,5,116,93,7
5520.3,166,766,102,9
5241.27,79,880,102,7
1850.07,53,347,97,6
3219.5,182,760,102,5
2311.65,56,356,102,2
5856.38,128,948,102,8
3323.12,97,762,102,6
3203.01,216,738,102,7
5148.9800000000005,217,795,102,14
1665.89,162,421,102,4
573.0600000000001,24,212,97,16
2316.24,73,393,102,12
3978.7200000000003,144,635,102,13
347.31,11,141,101,3
2757.2400000000002,122,511,102,1
346.4,24,95,100,32
476.14,10,209,101,5
1315.54,27,363,100,4
7343.87,544,1039,102,17
168.98,5,50,87,9
304.98,19,99,82,15
3179.15,142,452,102,14
2384.37,147,525,102,18
3899.16,124,579,102,16
6003.47,160,956,101,4
1233.92,34,395,102,16
649.33,25,260,101,2
1785.46,45,318,102,13
1147.99,18,267,102,4
377.49,27,119,91,3
7746.27,206,811,102,1
9277.72,483,962,102,5
3370.68,94,815,102,15
5493.89,167,867,102,16
1555.15,35,346,68,10
362.9,34,82,94,5
9045.17,227,1538,102,10
2510.04,113,560,102,5
8039.29,164,1016,102,17
759.83,79,216,89,10
2253.25,92,589,98,10
13221.75,355,1900,102,5
2208.34,64,456,85,6
1415.59,31,426,101,13
3772.03,214,807,102,14
429.06,49,120,78,13
1691.72,41,538,99,3
6326.74,129,1043,102,10
1910.4,73,330,102,9
1553.45,55,463,80,17
1415.65,78,374,100,2
370.53000000000003,8,113,77,11
1800.09,48,337,102,11
10822.55,228,1498,101,14
2330.08,146,539,102,6
1991.29,61,536,102,3
5040.28,95,887,100,8
119.8,20,23,101,12
1052.48,49,313,101,15
760.89,32,209,99,3
7954.28,168,1223,102,17
8271.31,394,625,102,15
1381.73,39,211,100,11
3199.53,105,841,102,17
995.08,31,410,99,17
715.98,39,133,102,5
1020.7,100,320,102,13
1121.2,66,385,102,16
1151.04,57,379,102,13
9164.15,119,1199,102,4
5685.67,192,1033,102,5
5089.66,127,439,100,12
2731.15,121,635,102,10
704.61,50,172,102,4
4727.57,139,968,102,5
4832.38,223,490,102,15
10741.1,376,1348,102,2
1600.99,45,436,102,14
459.17,57,99,78,13
6494.31,262,1138,102,3
3513.02,96,753,101,17
2773.19,66,319,102,1
4438.29,217,736,82,5
170.06,9,60,86,17
2052.67,107,633,102,6
6019.77,201,893,102,15
534.57,21,126,94,16
3205.8,69,656,102,2
3207.61,28,707,100,11
28.96,3,20,56,17
4963.14,273,793,102,4
2511.33,54,540,101,6
3891.14,124,467,102,12
6378.8,209,1294,100,2
1756.64,154,264,102,12
8523.93,226,1229,102,17
14715.53,326,1805,102,17
2823.59,62,644,101,9
1204.49,127,432,102,1
10353.0,150,1152,102,9
2981.04,39,488,101,3
2593.56,39,479,101,15
8205.68,276,889,102,12
9475.69,219,1020,102,11
76.53,9,32,76,17
1385.93,93,274,100,12
4024.6,133,954,102,4
19194.420000000002,498,1877,102,15
2828.06,68,617,102,3
5536.4,156,1235,102,7
3724.48,229,944,102,4
429.79,36,99,102,5
11711.02,256,1249,102,6
540.9,24,129,100,15
4117.34,294,633,102,8
3712.14,178,842,102,7
1290.68,81,318,102,12
616.72,51,125,99,15
19299.86,599,2844,102,1
1098.51,34,271,101,4
1678.8,86,146,102,7
553.57,46,139,101,16
6437.62,136,1069,101,15
1230.83,23,281,101,12
639.3,26,120,95,11
4828.58,133,815,102,13
2220.15,71,642,102,11
4923.13,118,765,102,10
10732.91,475,1162,102,7
1159.32,32,294,101,8
1111.69,92,158,101,3
3151.31,233,680,101,13
3967.82,104,735,102,18
2678.56,76,409,101,13
1319.76,76,243,100,4
1062.25,92,281,99,9
3061.62,60,635,101,4
1593.51,52,420,94,5
2593.12,101,649,102,15
160.06,6,61,42,14
6644.85,113,1164,102,17
3414.6,88,681,101,12
3950.96,328,913,101,11
1988.97,71,443,100,17
4730.31,158,1080,101,1
6713.51,180,1203,102,10
569.0500000000001,39,101,85,16
1166.73,136,335,102,17
2709.18,84,661,101,10
1066.62,77,271,101,13
598.62,49,224,102,13
521.04,27,179,94,5
3792.56,106,750,102,9
2177.13,50,575,102,5
1535.13,32,224,101,17
10617.05,307,675,102,6
690.42,24,259,92,9
2023.3700000000001,40,464,96,17
344.92,17,96,99,15
1274.09,41,258,101,5
1872.52,70,238,79,6
9036.01,178,1314,102,13
8982.79,886,1674,102,13
2815.58,40,565,89,11
3196.78,112,771,101,18
1586.58,30,338,102,13
8350.09,122,1376,101,17
562.77,13,225,98,13
6681.35,466,1181,102,16
1543.63,46,534,101,7
2246.36,43,541,100,15
7990.97,497,1644,102,17
271.88,42,81,99,14
899.63,22,201,101,3
909.96,16,291,94,12
1121.0,33,312,74,7
3153.7,72,650,102,7
2745.75,40,435,102,12
2285.59,123,399,88,1
3918.28,86,757,102,11
579.72,67,169,101,15
1665.51,57,319,101,14
1557.05,70,391,95,11
387.34,17,124,84,5
3117.66,134,450,102,3
2089.8,103,269,102,7
7434.07,204,964,102,16
2504.59,190,276,102,15
7514.2,295,1473,102,10
370.3,26,95,102,2
2842.63,58,628,101,16
303.01,21,116,90,2
337.11,23,115,102,16
1832.03,107,333,101,13
1752.5,32,381,100,15
1295.91,45,320,97,7
445.65,50,148,101,2
3059.57,92,545,102,17
1586.58,54,439,101,7
2084.11,68,558,102,5
10426.58,443,1276,102,9
1652.07,29,265,102,11
2154.43,59,344,101,8
2036.84,65,392,102,4
3917.7400000000002,221,948,101,12
5565.47,304,703,102,2
5875.35,125,1035,102,8
4014.02,123,738,101,4
2317.9,206,545,102,15
619.75,57,179,99,12
540.1,37,97,100,11
680.23,39,269,100,7
1165.27,93,173,99,5
2065.1,33,430,102,3
773.76,23,229,99,17
1802.37,47,531,100,15
3468.66,106,762,100,4
4801.85,147,876,102,15
1724.59,52,362,102,11
161.75,6,46,101,11
4603.9800000000005,208,1165,102,10
464.56,17,50,89,16
866.5600000000001,42,239,101,9
2590.15,117,496,101,14
1167.03,57,361,102,14
11835.02,242,1680,102,11
203.01,26,59,99,4
326.88,20,123,102,1
1123.16,37,321,72,9
1635.21,32,384,100,14
1694.32,231,406,102,11
8831.35,166,1198,102,10
479.24,14,110,101,8
1975.56,34,399,87,16
946.28,28,202,102,8
273.81,17,66,85,17
1564.35,75,342,99,14
793.38,36,196,102,16
384.69,32,165,102,7
846.7,10,252,100,13
11944.57,214,1634,102,12
2550.37,157,483,102,10
7527.27,506,1087,101,17
2619.23,74,627,102,4
5399.64,141,718,102,12
5097.28,117,1000,101,12
1120.9,34,314,98,13
1463.32,53,263,102,16
2684.13,29,448,101,14
4599.52,62,826,102,13
1252.91,97,369,101,7
166.78,21,27,95,2
1943.73,95,426,101,15
13497.29,516,807,102,10
551.87,36,190,98,17
5617.79,216,922,102,17
5080.04,182,741,102,15
4040.81,43,649,101,16
594.23,42,199,102,11
7074.2,194,1037,102,11
261.06,52,88,92,12
1382.53,34,249,102,6
1753.9,71,408,102,6
2183.53,146,488,102,6
7892.97,109,1118,102,4
1887.73,35,291,100,16
5519.35,136,868,100,5
6088.84,182,911,102,5
6836.65,162,1127,102,14
1428.67,130,364,102,10
241.41,12,88,60,14
10435.960000000001,132,1144,102,16
172.07,9,47,99,7
2938.15,113,616,100,12
222.22,5,55,80,4
1473.27,68,427,99,7
5899.04,200,776,102,16
3355.07,63,525,101,13
5980.72,181,1107,102,14
2448.6,96,455,101,12
197.39,12,79,97,13
4295.11,139,903,102,14
4609.8,240,967,101,15
10165.13,352,1104,102,6
674.35,70,190,102,3
2602.8,87,473,102,10
4890.11,198,599,102,3
1133.71,48,386,100,1
8689.01,79,1296,102,2
12983.01,216,1397,102,6
1068.91,31,302,100,10
7035.21,113,1086,102,12
443.31,22,192,87,11
4729.01,111,737,102,9
1095.29,31,263,98,8
8700.15,211,695,101,4
5274.46,112,1310,102,8
840.23,62,233,102,11
8355.23,315,983,102,16
315.15,12,75,92,7
16450.53,1223,1641,102,10
2766.7,76,697,102,16
135.23000000000002,10,24,87,4
2949.56,72,466,101,10
890.25,31,248,102,4
851.9300000000001,31,208,95,3
7048.71,382,402,102,8
1953.06,92,446,102,2
6097.47,199,895,102,14
12414.56,713,1999,102,10
1158.1100000000001,34,286,92,9
3696.76,75,665,99,13
1164.11,20,300,89,14
1830.63,69,290,101,4
1834.08,60,305,102,12
970.11,119,174,102,11
3764.6,206,901,102,14
488.48,44,164,82,14
3135.38,152,770,87,3
1469.45,135,440,102,17
5887.36,238,972,102,8
101.3,9,30,87,9
3336.9900000000002,150,592,100,6
3305.54,164,555,102,7
2336.18,95,395,102,1
485.24,79,111,94,7
7274.1,241,753,101,1
1530.88,46,426,100,5
3571.7,137,871,102,9
5342.55,244,1018,102,12
966.88,43,68,102,10
4967.07,42,837,96,14
5845.96,158,1014,99,2
2175.19,79,542,95,9
10709.38,234,2197,102,6
1564.67,57,302,99,7
7089.49,502,1244,102,10
1669.89,68,342,102,12
1647.3600000000001,26,361,92,8
5254.66,154,939,102,13
1261.6200000000001,65,336,98,15
2206.06,122,496,102,15
5890.14,215,1014,98,13
3434.14,144,780,98,8
2859.76,104,451,101,11
1926.03,51,390,101,10
2530.45,136,749,102,4
2305.51,221,356,102,2
304.85,4,100,54,8
5799.97,134,923,102,17
2027.0,58,491,88,13
690.22,18,149,102,3
2201.47,111,566,102,15
2513.39,114,669,101,4
2537.43,53,649,100,9
4053.69,274,881,102,9
10231.93,621,1010,102,8
3754.9,576,802,102,5
313.37,11,98,102,16
1074.69,60,197,102,16
2447.4900000000002,106,325,102,5
3956.27,72,765,100,16
1530.44,53,390,100,17
2036.66,43,395,85,5
2044.8500000000001,88,463,102,15
1764.07,52,442,101,2
202.06,16,32,94,14
299.38,10,109,96,13
9805.11,167,1549,102,6
311.59000000000003,8,95,98,9
691.45,15,143,101,14
3676.15,126,856,102,8
4219.18,197,665,102,14
13486.32,84,1617,102,14
1993.06,43,474,102,10
4769.31,182,346,102,16
6190.51,82,1025,102,10
1036.52,34,360,100,17
3014.35,71,698,102,16
12854.66,205,2093,102,4
1330.22,29,305,100,11
1394.1100000000001,36,238,99,12
18790.34,412,1566,102,10
3807.15,196,1055,102,10
1219.71,32,354,98,11
2057.47,110,624,102,1
1827.8700000000001,90,338,100,5
2334.53,75,545,101,5
6109.18,196,1027,102,2
4663.38,174,1190,102,7
247.12,16,53,82,13
1419.8799999999999,31,67,96,7
823.35,102,175,102,16
3064.87,126,674,101,15
581.45,21,192,101,3
1217.16,21,334,101,11
2220.85,139,437,102,3
4646.81,92,820,102,5
8305.39,250,1482,101,14
2154.25,57,557,101,2
4150.76,138,573,102,8
4082.0,90,673,102,3
973.9300000000001,30,341,102,11
2588.73,63,556,98,5
3708.7200000000003,253,394,102,13
2470.09,180,429,102,17
161.48,11,47,95,8
1368.97,122,511,102,11
511.12,40,93,99,12
125.52,23,58,84,11
2486.39,91,512,102,13
3495.2,140,670,101,7
2342.51,121,675,97,9
947.03,35,300,101,8
4199.76,161,1205,101,10
3807.72,108,628,102,7
3089.84,40,572,94,1
3436.26,63,892,101,5
2138.59,167,393,102,6
1553.56,53,341,101,2
9561.460000000001,171,1521,102,13
2086.12,99,454,102,15
263.27,36,97,84,7
38319.79,603,1620,102,16
9448.75,145,1143,102,11
3552.13,81,899,100,7
412.54,26,133,62,2
1064.99,41,242,102,8
121.91,12,46,80,6
13785.55,276,974,102,14
1260.29,30,223,96,12
4232.12,146,588,80,11
2473.76,92,467,94,14
1366.97,26,298,92,12
840.87,70,184,100,8
183.04,4,35,59,31
1231.17,27,250,95,15
1076.69,33,157,102,4
1602.0,275,465,101,12
5168.38,82,886,102,16
5664.74,229,760,102,8
7156.7,291,1527,102,11
5284.12,248,1276,102,6
988.73,19,297,96,16
423.51,20,145,102,8
4893.11,295,984,102,11
4314.95,153,702,100,8
1052.94,80,299,101,16
1934.45,103,315,93,9
698.06,55,269,101,15
5134.89,135,819,102,17
2275.67,55,602,100,10
231.66,7,88,34,12
4616.42,96,494,102,16
1035.19,41,299,99,15
1204.41,81,291,100,9
4871.09,66,755,101,4
8219.34,184,501,102,8
3280.18,563,667,102,10
72.91,5,34,80,6
6096.93,64,595,97,1
6211.67,147,951,102,13
1495.76,216,334,102,11
1327.48,57,273,89,13
3074.68,44,855,102,16
5167.16,50,1037,101,6
3114.34,245,580,102,15
3741.92,62,892,101,5
1321.85,111,438,101,13
3433.27,55,523,98,11
5187.13,177,941,102,6
2052.29,84,732,101,16
2694.8,61,815,101,16
3014.08,121,616,102,16
7769.22,132,1095,102,18
1469.02,67,329,99,8
2241.01,86,377,102,15
1492.81,36,159,101,40
6885.6900000000005,250,945,102,17
1001.3,50,145,95,12
2206.11,84,460,99,4
10201.55,139,1489,101,11
2032.54,142,469,102,4
1396.93,54,282,100,2
2363.16,225,386,102,8
4806.0,106,1137,101,16
1188.61,30,272,101,12
3010.24,149,701,99,17
1439.61,91,219,102,7
2404.98,96,636,101,7
307.87,12,81,98,14
5617.4,116,722,96,13
944.6899999999999,42,210,102,13
993.76,33,247,102,12
5935.57,95,1044,102,3
599.54,30,140,93,3
592.36,47,154,99,2
8806.33,165,1114,101,6
9500.7,449,1096,102,8
683.13,28,153,93,15
313.40999999999997,26,44,101,17
190.78,16,64,95,12
2263.4,81,597,100,3
6104.1900000000005,204,902,102,17
3378.16,118,690,100,7
500.14,9,146,99,10
683.26,38,171,101,5
877.32,22,233,93,2
292.1,22,111,97,11
3059.0,87,538,99,10
5508.47,133,727,102,2
18894.72,321,1668,102,5
1889.45,52,293,97,14
4391.3,176,829,102,11
970.95,44,301,102,4
1828.6399999999999,51,282,102,8
2779.14,64,504,100,1
3667.44,186,738,102,3
945.89,16,103,86,10
2232.75,68,669,102,16
1737.84,87,493,102,11
2486.64,61,670,98,8
1236.98,77,307,72,17
3915.81,73,526,97,1
1896.39,79,583,102,7
691.1,89,227,102,4
2543.36,28,535,102,15
1563.53,29,413,102,17
3027.0,234,817,102,3
2401.41,73,334,102,13
6563.15,362,1549,102,1
3034.77,102,806,102,3
2073.62,58,537,101,4
1377.66,115,312,102,5
5050.53,51,1057,99,13
748.88,64,207,102,5
1934.11,59,485,101,3
2121.89,134,190,102,9
4546.37,212,386,102,2
7539.55,92,799,101,9
1164.18,21,223,95,11
1137.28,59,331,100,13
15178.960000000001,284,1411,102,6
173.31,12,36,92,10
187.09,24,43,100,3
3875.17,81,749,102,2
8854.64,345,1029,102,14
3779.36,57,803,102,12
478.59000000000003,26,103,102,6
307.90999999999997,17,58,97,13
845.39,14,187,80,15
2808.91,159,442,102,6
1305.66,77,274,100,17
1142.86,65,264,101,9
3803.55,127,660,102,10
2053.02,41,525,102,11
999.33,29,225,92,8
2779.86,104,596,97,6
2903.2,219,618,102,12
4468.63,233,792,102,16
4377.96,145,927,102,10
1377.57,63,543,101,3
431.76,33,125,72,16
4808.01,153,996,100,3
4689.35,104,525,102,6
1413.52,57,347,102,13
12300.62,409,1903,102,12
6798.79,150,1061,102,9
874.23,69,128,101,7
5159.4,128,798,101,12
68.45,7,19,93,9
996.6,34,206,102,18
4569.24,167,852,102,1
655.77,41,186,92,1
2156.65,122,698,101,12
7403.51,135,701,102,14
240.85,16,68,101,10
337.98,17,94,100,17
5022.28,212,883,102,6
9428.4,205,1371,102,13
5430.04,166,766,101,14
2196.58,89,674,102,7
1966.38,124,493,98,7
260.04,9,119,97,13
713.9,13,198,100,2
1334.18,61,329,102,2
6060.38,79,971,102,5
2996.18,133,604,102,11
3722.22,149,1248,102,16
954.21,51,215,101,9
3327.02,253,826,102,10
2485.87,98,441,102,14
1482.54,100,325,102,10
4723.65,219,886,100,8
1276.74,62,400,101,13
1271.09,41,278,101,6
1915.95,27,378,98,9
7988.7300000000005,160,1119,101,8
1004.6,44,203,100,16
163.57,7,40,41,16
1619.45,30,438,99,10
537.6,38,169,100,6
587.47,25,88,100,5
6385.44,173,910,102,13
2043.13,81,469,102,12
4383.72,186,945,98,7
6172.13,381,1325,101,8
765.37,108,199,101,12
1078.06,54,353,100,14
361.42,23,86,102,16
921.33,37,306,100,11
9045.04,168,516,102,8
195.27,6,84,99,13
622.22,46,143,101,5
122.95,7,26,97,9
786.45,15,170,100,16
5303.53,134,1175,102,14
2656.9,54,675,102,15
3093.53,96,664,101,15
823.08,121,258,102,12
787.04,31,324,91,3
652.34,15,191,98,16
5833.39,174,1074,102,5
1743.69,57,378,99,16
2363.78,92,724,102,17
1415.38,76,510,100,7
6237.46,76,1330,101,17
3810.36,86,915,102,16
14503.89,797,1628,102,2
18304.31,385,1856,102,5
258.53000000000003,20,59,100,10
1919.79,55,337,101,13
488.49,22,154,79,5
1778.52,38,428,100,7
5547.83,94,1027,102,11
894.0,20,181,102,17
3993.01,194,667,102,15
1051.16,20,230,89,17
4678.61,51,884,101,1
2068.5,26,444,102,14
11250.07,217,1157,102,15
2041.45,91,439,102,2
830.11,35,170,101,17
249.70000000000002,15,59,86,15
603.45,34,200,102,12
4469.27,254,820,102,11
5428.25,97,797,101,6
6639.95,123,803,102,16
9091.29,158,1098,101,8
491.62,23,169,101,16
203.17,6,81,101,12
325.77,53,82,94,9
1152.78,46,317,100,6
570.15,24,190,90,15
252.31,6,87,92,9
522.3,28,160,100,9
5274.32,170,685,102,4
1389.1200000000001,31,341,102,14
3502.45,232,433,102,2
1163.62,33,185,98,16
11200.800000000001,168,1265,102,4
3777.98,228,693,101,8
769.72,29,323,96,7
5257.44,126,817,98,3
6458.78,132,1063,101,8
1409.8700000000001,49,371,102,18
1657.1100000000001,115,300,101,3
1689.84,66,408,102,12
3013.56,71,531,102,12
2595.17,109,722,102,11
3455.32,73,591,101,14
4155.52,132,799,102,17
10019.45,258,1441,102,5
265.04,17,72,102,15
12503.24,273,937,102,9
137.63,8,56,42,11
623.45,20,189,101,16
5900.81,328,1189,102,14
738.34,19,180,101,15
4793.46,199,1054,102,13
427.63,24,92,99,13
788.4,38,213,100,14
5957.4800000000005,203,1103,100,11
332.46,49,168,102,18
1974.49,160,457,102,2
5048.59,137,897,102,12
595.0,30,173,88,8
2818.0,159,618,101,1
1896.5,55,431,102,9
1512.08,525,365,102,1
1060.24,34,344,101,8
3290.01,103,628,102,5
520.32,27,108,100,3
2762.8,176,683,102,11
4829.32,56,1053,102,16
1637.41,68,437,102,8
2124.43,80,341,102,12
2733.28,147,475,102,4
1487.99,50,448,101,16
5959.57,192,1256,102,7
2959.65,84,588,102,5
1494.22,80,407,102,6
757.95,36,167,102,15
6344.09,212,1165,102,15
899.49,90,220,102,9
7552.93,373,804,98,14
3041.69,171,802,102,13
2049.58,174,329,102,15
320.58,23,82,83,3
158.48,9,47,79,3
857.98,34,279,100,14
685.63,17,180,87,12
5055.88,134,1053,101,10
1030.97,30,299,101,17
14330.4,421,1803,102,7
645.36,5,256,90,9
3736.48,58,705,100,2
4065.2400000000002,196,786,102,4
5583.96,74,768,100,14
1059.79,48,298,98,6
360.43,14,100,102,5
1888.13,204,416,102,11
260.65,16,71,99,11
297.05,11,84,102,7
2667.23,42,650,101,12
2835.9900000000002,64,619,102,12
8831.210000000001,394,1369,102,12
477.17,9,173,59,17
2544.89,96,565,102,9
1546.05,31,300,101,7
2177.55,86,480,102,6
1821.03,105,410,98,3
2047.26,60,544,102,9
7709.85,129,1236,101,11
629.58,57,270,100,14
978.87,31,309,99,17
6035.21,123,920,102,7
11500.76,244,2014,102,16
1783.98,189,505,102,8
390.16,6,19,101,8
512.53,57,162,100,8
434.77,13,106,92,7
160.02,12,31,98,8
267.19,12,114,96,14
2728.78,27,456,99,13
1348.56,56,335,99,1
1174.31,80,242,102,14
3360.34,131,576,102,10
324.22,23,67,90,13
5380.22,202,801,102,7
2568.6,131,664,102,7
564.4,91,113,100,1
5398.95,138,779,102,17
4019.91,132,945,101,3
2534.76,87,590,102,11
547.82,14,147,102,4
2239.34,86,429,101,2
3061.9,87,207,102,9
2466.68,123,678,102,12
1192.68,76,278,102,9
630.19,23,146,97,9
608.58,11,183,102,2
1418.76,61,165,100,16
4075.4,58,663,102,11
2466.05,145,624,102,1
103.65,9,55,56,5
4242.62,256,840,101,11
12125.48,352,2019,102,4
2766.9700000000003,32,404,101,14
3105.71,144,465,102,3
8531.89,86,829,102,13
835.71,45,301,77,2
1337.07,25,260,95,3
657.52,40,144,101,8
2841.56,99,571,102,11
3745.41,122,896,102,17
11041.41,235,1518,102,15
791.34,35,219,101,1
6933.72,121,848,102,6
13995.22,509,1615,102,12
349.81,25,107,98,2
134.4,49,51,101,17
3082.4700000000003,116,485,102,4
1532.65,128,293,101,13
827.46,33,315,100,14
5637.51,112,871,100,9
111.15,8,35,95,16
2057.95,66,289,101,6
6949.16,151,965,102,3
2841.16,41,455,101,17
4879.86,211,994,101,3
8105.74,169,1386,102,4
2315.07,109,460,95,11
5950.89,203,657,102,9
4391.58,151,629,102,18
1142.42,40,239,102,12
7177.06,229,1368,89,9
5707.6,283,765,102,15
404.96,20,132,100,14
1032.63,33,257,102,17
284.31,11,97,101,16
587.37,52,209,98,12
2245.76,165,399,102,9
3673.26,151,367,98,11
1248.19,44,419,101,9
2480.88,55,568,101,10
3790.44,116,790,102,12
1615.94,35,397,101,13
1055.29,57,228,99,13
4324.03,87,657,102,13
2525.94,45,554,100,6
131.52,6,38,64,16
4053.15,77,512,101,2
344.06,27,121,101,14
274.03000000000003,17,71,102,17
271.41,27,80,101,11
91.65,6,22,99,7
3703.93,75,464,102,11
2735.2,78,566,102,8
7634.57,524,1294,102,10
3891.9700000000003,79,931,94,7
5535.2,218,729,102,3
481.77,11,149,102,7
1695.76,189,220,100,16
595.22,57,206,94,18
3828.6,131,750,102,16
2330.87,65,459,101,2
2640.47,83,826,102,8
4911.53,164,1102,101,14
818.56,83,164,102,17
20352.99,344,1857,102,12
2718.4,155,400,102,16
336.95,9,136,102,2
70.04,8,27,99,7
4160.33,220,1092,102,16
511.78,13,134,89,7
134.89000000000001,8,46,86,16
4775.56,99,1270,99,4
2130.77,41,417,101,2
555.5600000000001,33,162,95,13
2551.58,100,596,102,14
401.47,13,98,91,4
312.5,29,131,99,9
2221.48,182,247,102,13
323.99,23,102,89,6
5130.59,178,927,102,12
2095.83,44,441,101,17
604.95,40,174,102,6
1927.33,80,141,94,15
405.83,39,122,90,16
1647.2,90,352,99,14
6700.05,260,1154,102,17
1884.05,374,379,101,8
21661.29,761,3119,102,15
4934.0,154,637,102,14
820.18,14,203,38,3
1506.5,69,413,99,17
2667.34,39,410,100,8
3480.63,126,730,101,14
4769.04,79,851,101,10
2455.68,57,560,94,11
7246.2,290,958,102,5
4830.0,120,939,101,13
3460.15,139,516,102,5
2474.4,76,603,97,13
1038.52,56,275,101,4
1029.47,38,200,101,1
2957.82,835,408,102,2
4131.7300000000005,81,652,82,7
1160.0,44,346,79,4
1991.33,133,433,102,16
486.72,32,68,96,8
269.54,4,72,60,13
4339.15,118,946,102,16
2445.87,72,516,102,13
14855.210000000001,339,1126,102,16
9481.75,356,768,102,6
279.2,15,53,95,10
88.59,6,28,74,17
9129.23,716,1614,102,4
152.21,27,26,96,13
3298.77,164,830,102,13
1042.35,18,283,86,6
4725.27,112,1174,102,1
3209.39,106,950,102,16
2187.88,66,338,100,4
548.32,14,121,100,14
1471.28,38,317,101,16
3246.92,76,737,100,14
17251.53,536,2044,102,10
5064.7,208,809,102,1
5635.97,289,736,102,12
1226.29,95,376,102,3
943.13,25,230,101,17
2595.09,85,598,101,11
1779.86,165,570,101,12
852.95,12,253,95,15
527.3,9,130,100,14
960.1800000000001,26,246,95,12
2106.09,89,347,102,16
1051.1200000000001,54,284,100,17
8490.73,205,993,101,14
2160.82,47,542,98,5
117.69,18,49,95,7
66.33,3,7,29,12
4053.23,103,725,94,17
2389.2,144,368,102,7
1499.3700000000001,26,319,101,15
1849.2,81,241,96,7
6452.83,204,694,102,9
11211.37,1300,1576,102,12
3740.16,149,718,101,11
1674.23,93,376,102,4
931.89,64,244,102,9
2355.31,57,498,101,14
4158.2,99,874,102,8
189.66,15,65,72,20
3871.04,135,821,102,11
1373.77,34,290,97,9
2425.66,30,621,99,6
3839.36,142,683,102,15
753.95,43,357,96,13
1086.56,35,365,91,14
1668.3,67,438,98,13
2800.81,60,500,102,13
1645.25,38,386,99,9
2901.09,199,693,102,11
17295.18,321,1636,102,5
8086.55,239,1740,102,8
9025.51,244,1158,102,14
879.9300000000001,48,174,102,16
978.91,45,270,102,11
1916.02,86,330,96,8
255.24,22,76,101,13
8449.68,313,890,102,16
8453.65,247,1256,102,12
6960.1900000000005,164,1095,102,7
2878.58,148,637,99,8
504.92,32,227,102,10
79.41,10,15,97,13
3598.69,143,825,102,15
7743.35,102,992,101,17
1969.93,116,392,101,4
2612.4,84,429,98,16
2457.93,54,512,99,4
3948.53,174,785,102,10
4095.37,113,880,101,17
2222.05,289,280,102,7
3850.53,112,832,102,5
1988.91,177,465,102,2
2542.45,338,654,102,9
800.11,18,217,100,2
1084.76,35,274,100,13
140.84,16,71,100,3
982.76,46,136,101,4
1446.54,89,443,100,9
3799.8,138,901,102,14
6528.36,195,726,102,14
4487.1,145,803,102,1
2725.42,60,532,101,3
1209.04,44,267,101,16
401.41,6,100,88,13
1198.02,39,458,102,14
4754.88,113,756,100,16
437.77,36,119,96,7
447.91,31,172,94,9
10567.710000000001,347,1322,102,14
2124.23,155,466,102,17
4575.94,81,830,102,16
1345.59,104,432,102,3
2389.96,51,486,96,16
567.87,49,139,102,9
2544.41,52,508,102,16
372.87,96,149,100,14
3616.03,28,737,94,16
1642.49,55,456,102,13
471.11,18,217,99,3
3794.61,82,809,100,11
2846.81,94,695,100,17
12695.25,600,1539,102,3
1771.02,201,544,102,8
1249.26,28,358,102,63
1907.02,37,454,87,15
338.28000000000003,20,65,99,13
7435.38,317,928,102,2
9353.85,150,1436,101,10
2237.21,72,286,102,14
714.61,68,210,102,13
5199.9800000000005,234,1004,102,15
341.54,18,118,102,12
8033.79,152,1118,101,1
4844.96,111,767,102,4
2371.59,52,338,102,15
1789.1,43,469,100,11
2986.13,118,643,101,17
5644.07,139,762,102,7
2154.63,28,558,102,12
801.63,54,280,101,13
11516.83,445,1875,102,16
6161.21,182,1427,102,4
914.7,64,207,102,6
1288.54,23,454,102,2
6425.14,159,1286,102,11
492.72,11,195,82,15
818.41,156,186,102,16
729.22,57,335,101,15
1131.91,21,227,100,16
3882.88,138,150,102,10
1399.89,40,484,99,12
27859.68,412,1592,102,7
164.49,11,52,67,13
677.46,51,238,102,11
8429.05,151,1207,102,5
6699.49,136,918,102,6
518.16,75,113,100,13
869.28,42,251,95,7
1235.72,38,384,91,3
4067.8,104,674,99,1
4562.4800000000005,99,625,102,18
4454.7300000000005,185,702,102,14
9219.35,337,1680,102,10
3231.48,90,788,102,14
3844.31,106,646,102,5
4733.62,180,821,102,17
1567.81,82,271,98,16
464.64,41,161,101,16
42.959999999999994,2,8,63,16
3484.02,114,477,102,10
546.78,18,136,101,10
590.71,9,182,95,1
9265.32,188,766,102,15
10427.21,353,1776,102,15
2104.91,64,314,97,11
10162.78,219,1579,102,2
4616.14,85,891,102,6
128.98,20,40,95,14
1197.77,22,266,102,11
1170.13,66,117,102,11
552.18,51,204,100,17
2578.1,110,626,102,12
4410.1,151,645,102,11
577.62,47,169,102,13
2096.12,125,355,101,4
1461.4,46,402,101,11
397.48,26,88,102,17
296.52,8,67,96,17
1553.53,68,156,101,8
50.49,12,22,97,8
5250.36,116,818,98,9
1132.4,48,260,102,16
2259.16,106,418,101,17
2025.08,65,433,102,5
946.0,39,230,102,2
19153.75,541,2407,102,14
786.53,40,166,98,8
502.77,41,179,102,2
458.22,10,83,95,5
647.9,50,101,98,16
1778.67,69,255,102,14
2820.61,130,721,102,14
2045.5,62,491,101,9
1425.4,44,298,102,8
8617.94,83,1298,101,13
1834.06,196,243,102,14
2194.31,41,451,100,12
1556.84,108,379,102,7
1078.47,82,162,97,17
891.1,42,211,101,7
2283.69,94,490,100,15
297.97,10,74,101,5
96.48,19,52,90,4
1420.41,38,422,102,11
1718.08,75,460,101,5
4773.85,110,959,100,15
120.28,8,53,61,9
4862.09,102,815,91,9
5203.43,97,947,102,17
12559.61,193,1508,101,3
2613.9900000000002,79,625,101,18
276.13,47,78,102,5
2039.68,51,560,99,10
2602.28,90,447,93,9
158.93,10,49,101,12
1920.99,86,414,101,4
1449.58,50,333,102,10
1571.3700000000001,97,419,102,7
1313.76,95,350,102,16
3766.27,106,744,101,14
971.12,36,236,98,12
2711.79,122,386,102,2
1508.04,59,354,100,14
2283.69,50,515,102,14
2017.18,150,657,102,3
8354.55,164,1482,102,16
8055.47,249,992,102,16
1174.56,160,333,102,5
2640.01,62,576,101,15
949.01,42,224,100,16
1757.51,38,537,101,11
1064.84,29,193,100,13
1606.69,33,431,97,11
1390.28,31,215,98,12
1927.05,30,363,94,16
4648.88,233,848,102,17
400.83,46,151,102,2
1805.93,176,649,102,6
360.07,18,155,99,11
6580.49,749,1109,102,3
3571.6,58,628,101,14
2141.64,87,519,102,11
11984.59,215,1331,101,3
664.98,11,173,93,10
728.93,33,243,99,17
1733.81,37,197,101,3
264.72,9,75,94,6
983.53,53,333,102,4
1950.26,180,577,101,14
1757.9,88,244,102,9
868.69,35,244,102,6
3402.45,83,835,102,11
5755.6900000000005,142,842,101,12
339.59000000000003,17,125,102,17
11229.710000000001,258,1300,102,4
4469.22,86,276,98,2
2626.98,95,623,99,11
826.74,19,173,102,13
8131.91,182,1031,102,8
149.01,2,18,18,16
1517.18,21,360,102,16
2910.61,85,829,102,6
3509.78,167,38,102,6
3451.81,72,813,101,10
3427.3,98,912,101,16
1487.3700000000001,34,325,102,2
161.78,19,59,97,16
3902.77,93,663,102,16
374.48,22,131,91,15
350.94,27,175,98,13
1379.3600000000001,62,236,98,4
778.4,34,253,102,14
11938.2,390,937,102,14
161.99,15,64,100,17
2140.1,282,387,101,11
1168.94,43,307,101,11
1088.62,58,187,101,11
2591.48,125,428,101,2
2177.16,49,455,94,4
3066.6,92,527,101,7
5161.78,247,929,102,17
4209.35,122,498,101,14
736.42,20,150,96,13
4142.87,142,943,102,3
6593.81,196,1157,102,9
2964.05,456,660,102,14
4120.16,209,741,101,6
1202.51,31,325,100,11
3344.29,67,638,102,9
253.11,10,61,66,6
2041.93,70,455,100,4
4009.62,219,1044,102,17
563.64,53,129,101,3
1845.46,31,479,102,15
15360.14,344,2055,102,14
3919.37,149,491,101,12
11412.2,135,1660,102,16
2949.01,62,771,99,12
460.68,38,169,102,13
9204.22,485,2069,102,3
1522.47,70,314,102,17
7447.28,156,863,102,3
8793.19,477,1198,102,8
532.2,11,124,93,4
2452.88,97,413,89,5
3356.9,91,493,101,11
5012.46,66,964,101,12
9485.14,211,1229,102,17
3724.26,231,654,99,17
1169.97,75,225,102,15
9336.3,259,1153,102,13
3508.58,109,889,101,6
1413.68,43,365,98,4
3228.57,93,631,100,11
1742.85,37,332,102,10
4125.89,91,765,101,8
1980.6200000000001,40,403,100,5
1555.7,75,500,102,11
409.73,44,99,94,11
1097.5,61,351,100,6
9072.28,152,1028,102,15
293.19,23,98,98,2
1978.83,47,271,102,11
2970.1,140,550,102,15
3140.33,126,507,102,11
1888.55,63,585,102,4
3594.48,77,810,101,2
9751.73,1138,1795,102,13
2601.06,60,477,101,11
5551.49,115,1061,102,11
2457.51,42,640,101,15
395.47,52,123,100,9
3667.31,85,555,102,8
758.74,64,168,102,15
4835.4400000000005,52,725,100,16
14420.9,216,1344,102,3
10251.19,311,1395,102,15
792.2,77,105,102,11
3979.6,139,794,102,7
7773.21,212,1336,101,18
1824.33,96,362,101,5
1509.41,61,494,101,3
4025.59,266,569,101,14
852.5600000000001,16,163,98,14
1948.99,104,513,102,17
233.45,4,81,100,17
4107.85,52,846,101,15
4405.47,89,869,102,18
3869.51,160,999,102,10
1024.72,48,235,102,16
1333.43,72,322,102,3
1446.23,68,380,102,17
4208.08,77,747,95,17
4937.27,128,1022,101,5
3516.44,218,1069,102,11
12268.85,377,1428,102,17
3117.11,165,609,102,10
1831.84,43,287,85,10
1994.47,111,613,102,12
682.23,41,212,102,3
5813.77,86,875,82,1
6618.55,320,673,102,13
39.440000000000005,1,7,11,11
5562.06,166,852,101,16
1357.55,55,403,101,14
2991.81,83,669,102,3
3769.5,135,681,95,13
10995.710000000001,310,1293,102,2
2991.96,93,475,101,10
7528.5,160,721,102,11
1179.61,34,291,98,16
1764.15,99,282,102,17
337.21,37,90,80,14
2401.78,32,393,101,15
906.65,19,183,101,17
770.15,42,169,98,1
1523.8,83,318,102,14
12647.61,151,1636,102,8
690.39,25,194,102,15
2678.71,103,438,102,15
10848.11,110,1191,102,16
2666.5,162,571,102,7
6882.11,223,1147,102,17
1255.55,41,371,100,4
9800.02,317,1691,100,2
274.39,36,72,101,7
7631.72,273,1120,102,7
251.95,11,34,99,9
4661.53,459,1328,102,3
1755.3,82,390,102,5
2860.07,67,424,101,14
1791.28,35,340,102,16
753.42,58,212,91,14
1868.45,123,543,102,2
2210.04,142,425,98,11
411.45,14,110,68,2
16941.58,164,1623,102,15
6651.93,161,832,102,4
159.05,15,39,94,16
1093.51,75,185,101,11
700.96,39,246,102,5
3630.62,119,966,102,11
303.6,37,50,99,8
547.41,20,150,101,13
3762.9700000000003,162,639,102,8
5686.82,269,1210,102,4
834.29,33,202,100,17
909.05,44,177,100,11
86.19,5,14,101,11
1975.04,64,437,102,5
625.64,35,195,101,2
4861.95,274,327,102,15
773.39,36,282,99,10
2913.96,119,309,101,16
405.54,26,129,98,10
2460.98,126,681,101,7
592.73,30,137,102,12
265.35,13,34,102,17
406.25,31,127,98,3
876.88,88,173,101,5
135.61,11,61,75,11
1803.8,46,385,100,15
1934.45,51,387,102,12
1344.71,38,268,102,14
5532.21,307,983,102,16
373.71,18,60,101,14
2335.47,42,569,95,15
927.5600000000001,49,154,97,7
3378.34,129,894,102,11
19.58,1,5,11,11
717.71,48,184,102,14
11276.8,69,1313,101,4
8541.14,56,1170,102,17
11462.24,852,2561,102,9
1646.0,21,455,99,9
1152.32,40,416,98,11
304.26,28,105,96,9
1772.91,81,386,100,2
8631.61,163,1207,102,16
8939.5,388,1490,102,16
714.3100000000001,38,177,85,10
546.99,22,151,97,11
741.83,26,116,88,4
1601.27,124,283,101,16
2256.45,96,449,100,12
895.76,49,212,102,1
4075.9500000000003,157,361,102,6
485.8,28,113,102,13
2885.7,150,714,100,1
6788.0,291,1282,102,2
3012.4900000000002,69,623,101,13
4154.95,100,837,102,8
1927.74,93,374,102,16
1460.12,104,291,93,16
3096.94,113,596,102,9
4870.31,167,723,102,8
6225.45,221,1248,102,16
3019.2,118,591,96,10
2145.71,73,314,101,15
5097.28,98,1036,99,13
2328.37,114,447,102,5
4395.83,62,788,101,1
2674.9,182,659,99,14
2211.08,101,415,98,9
2678.78,74,339,102,5
2180.2200000000003,85,514,102,6
542.87,15,194,79,5
12371.26,177,729,102,17
5029.86,463,799,102,5
6742.4400000000005,158,1306,101,6
1032.95,28,211,101,10
3784.62,75,646,102,3
2392.72,75,610,101,7
742.85,135,229,102,14
3135.06,151,578,102,15
5116.58,212,962,101,2
10942.880000000001,180,1176,101,13
1020.57,19,240,99,8
3312.46,49,486,101,4
7209.25,90,653,102,17
1602.32,83,507,102,13
1658.96,54,381,102,12
746.74,31,240,97,9
561.48,18,127,97,5
1003.87,36,214,101,12
2722.81,113,565,102,11
1965.65,143,352,98,5
7634.5,156,1106,101,3
2174.55,60,418,101,7
1994.23,44,427,98,5
1017.86,35,391,102,9
5592.54,104,962,97,11
2637.78,93,412,102,12
1634.22,92,445,100,5
3512.55,132,772,102,11
2542.45,50,653,101,11
1990.1200000000001,68,637,102,17
4142.69,163,651,102,16
5307.89,129,1213,102,17
1802.93,73,608,101,3
2479.97,89,529,102,10
2246.2,230,507,102,12
1091.08,69,303,102,10
5297.13,155,814,100,4
2435.73,120,756,101,17
1683.55,130,179,84,9
5266.0,198,647,74,4
17548.27,363,1673,102,7
3546.81,165,853,102,11
357.99,30,74,92,17
1459.68,89,329,102,5
1146.67,101,204,102,7
4443.15,54,838,95,7
1450.68,100,369,102,12
4213.85,160,550,102,16
2497.9,38,461,101,12
38.94,3,15,93,88
8605.36,156,1298,102,7
230.06,12,94,92,11
1973.54,76,694,102,16
7907.93,184,1110,101,11
3052.87,153,452,102,12
4593.26,131,603,101,13
320.14,45,89,102,12
528.65,30,113,98,15
1359.33,82,444,100,14
1069.0,43,318,102,7
15332.43,154,2225,102,18
2654.2,119,455,102,7
4295.68,67,734,102,11
2383.54,331,441,102,10
783.33,52,249,102,17
552.29,61,163,102,8
1214.28,35,291,99,5
2465.12,63,600,99,3
1976.48,42,542,102,6
10053.87,248,1106,102,11
1439.19,52,459,101,10
4873.24,111,913,102,4
8887.75,191,1179,102,10
2332.45,68,544,101,2
1506.88,33,339,46,1
1605.98,58,375,102,16
1367.34,104,230,102,9
8535.06,303,1380,101,11
1182.47,94,440,89,8
1489.89,44,429,101,16
6628.7,122,759,101,11
1728.53,126,455,101,7
7106.62,170,1240,102,11
4038.15,148,804,102,1
13160.5,337,1637,102,15
8458.210000000001,252,1277,101,9
1393.24,77,248,101,7
7875.78,86,1396,101,14
1805.63,109,276,102,14
4956.99,99,789,102,9
1119.54,33,210,99,9
1181.63,18,292,97,16
1915.28,133,492,99,4
1984.73,91,382,100,3
1688.9,46,337,97,16
2628.1,90,702,102,16
306.37,15,120,98,17
1274.78,66,162,101,10
2512.78,109,418,102,11
3118.35,140,668,102,11
1083.6200000000001,68,332,92,7
4064.45,49,685,102,17
1743.97,97,404,100,15
1489.8,59,278,101,5
2260.46,74,471,102,2
2968.51,422,577,101,10
6406.99,152,859,102,17
4809.05,29,604,98,8
1640.79,65,451,101,14
1000.84,49,268,93,1
310.64,19,86,86,17
638.8,48,160,99,9
4816.35,119,997,100,16
1538.46,47,252,99,3
998.12,36,235,102,7
5193.22,160,877,102,3
4923.16,288,644,67,3
131.83,6,51,85,1
3351.34,165,598,101,15
217.6,26,66,102,7
2408.7400000000002,133,443,102,16
2450.8,108,502,102,14
3150.45,125,689,102,15
5970.57,167,790,102,2
2359.12,54,534,102,14
629.9,32,109,100,15
226.71,18,73,93,14
5357.62,220,1081,102,6
2591.43,81,432,102,7
5424.85,271,1140,102,3
3268.33,89,739,102,10
2141.78,112,404,102,10
120.01,6,52,101,15
2561.4,108,755,100,12
2068.17,89,540,100,6
9210.42,635,1646,102,14
1732.97,215,370,102,17
278.28,12,120,97,14
1697.23,72,422,84,10
678.72,29,201,93,16
4736.51,155,960,102,5
8297.94,252,986,101,7
1835.18,109,350,100,13
2323.92,92,343,102,5
4802.87,120,678,100,10
5704.14,130,655,102,10
921.84,35,197,98,14
5082.41,191,825,102,15
8308.39,383,1013,102,12
2937.95,132,677,101,15
12894.57,359,1886,102,8
6269.54,575,911,102,12
7832.74,227,1311,101,5
4905.71,109,984,102,4
159.96,34,23,100,1
1201.03,56,374,100,6
834.5600000000001,15,235,100,13
2290.54,122,436,81,15
490.98,19,98,95,15
3055.52,75,730,102,9
3790.49,164,976,102,1
1301.65,26,303,85,14
8823.83,202,730,93,4
682.46,13,158,91,6
691.3,53,109,100,4
3185.31,71,660,102,16
420.02,10,86,101,11
3619.76,106,542,102,2
361.01,30,117,101,9
494.57,29,162,91,2
899.92,35,309,101,1
2807.03,52,473,71,6
3409.06,87,575,100,11
1830.99,131,423,102,15
2508.2400000000002,120,383,102,11
12470.03,222,1798,101,1
2590.37,123,428,99,3
5116.15,132,979,102,4
1599.08,60,484,99,9
3170.28,156,519,99,5
14774.86,320,1566,102,11
12228.09,224,2136,102,2
1050.39,63,350,102,17
1107.79,29,291,102,17
2295.16,44,707,101,16
1643.2,72,324,100,9
5582.79,143,987,102,17
441.84000000000003,12,140,102,9
4332.45,59,647,102,18
7859.41,240,962,102,3
4833.29,113,708,102,8
4713.85,127,870,101,14
1461.82,26,328,102,10
1877.71,82,348,100,13
7164.99,163,1234,102,16
6060.39,97,1121,101,16
3982.87,140,779,98,17
575.87,42,187,101,9
6759.92,141,965,102,12
9129.83,89,1449,102,5
779.29,45,216,97,14
1552.43,18,371,101,6
2970.14,186,657,99,11
1878.48,66,529,99,16
4695.59,372,863,102,9
1567.89,51,331,94,12
5246.67,90,693,102,1
7631.12,106,1087,102,10
298.65,9,105,88,3
2265.9,49,435,92,11
1090.6200000000001,38,223,98,14
1692.54,58,391,100,2
5706.01,96,1075,102,18
3263.92,124,523,102,8
3703.42,112,260,101,17
69.32,8,36,85,15
834.27,41,269,101,7
156.55,25,51,90,5
933.4300000000001,41,284,100,12
2523.34,120,506,102,15
313.83,11,126,96,12
5874.46,108,900,101,11
390.7,12,157,86,6
3194.17,131,631,102,14
2018.95,121,306,102,17
748.07,57,91,100,9
2064.11,40,303,101,6
13923.45,180,1011,102,15
356.09999999999997,14,18,97,8
1596.48,40,484,58,17
182.1,11,43,92,3
84.21,30,19,73,16
1714.61,75,448,99,18
5666.66,197,953,102,4
857.96,40,245,100,16
6198.89,266,1137,102,10
4031.08,107,771,102,16
2408.11,99,505,101,17
2177.52,86,511,102,8
644.33,39,354,98,15
610.22,17,150,97,17
2601.56,195,634,98,15
133.5,3,43,88,9
3681.13,152,869,88,12
1452.29,46,373,102,10
936.39,44,305,90,5
3074.45,55,665,101,11
1530.52,85,406,101,4
4093.12,173,653,102,15
5094.8,260,929,102,9
8550.73,106,1141,102,2
5469.53,113,812,101,5
2667.13,46,382,99,10
3917.34,129,715,102,17
1335.47,91,147,102,11
9520.85,225,1399,102,12
780.92,15,154,102,7
492.03,29,81,102,1
9155.01,117,1792,101,2
7169.78,404,1052,102,4
1180.72,84,350,101,16
1153.05,65,271,102,15
670.43,48,176,101,11
7205.88,403,1118,102,8
5639.17,155,801,102,16
8673.11,197,1572,102,2
27.509999999999998,2,11,11,8
319.90000000000003,18,96,102,17
5239.09,103,655,102,7
2646.05,190,800,101,15
1978.76,107,484,102,2
502.25,41,150,102,8
4866.06,372,1355,100,3
9456.83,193,1555,100,4
6996.68,232,1275,102,12
1727.97,34,427,93,16
2292.52,78,483,102,15
251.33,46,49,98,17
3505.21,55,831,100,4
450.87,15,116,102,17
2402.11,132,476,102,9
454.57,34,123,102,16
4430.01,192,1091,102,12
975.25,19,387,102,1
1077.42,23,46,101,12
215.58,15,40,93,6
2301.4,113,615,102,16
3076.27,40,655,102,5
2059.76,300,465,98,2
3984.1,106,780,102,2
3352.07,98,697,102,8
8917.54,640,1412,102,17
4893.9,173,1151,94,14
5298.05,202,844,101,7
2415.4900000000002,56,596,102,14
1195.65,38,329,95,17
4400.26,94,929,102,3
1131.65,37,257,102,8
8440.77,273,1529,102,10
7971.57,192,903,102,9
3824.87,89,622,101,16
2880.5,219,609,99,17
4941.52,158,799,101,10
2479.46,180,679,101,16
1787.48,43,408,99,13
5413.2,216,868,102,5
1505.67,79,438,102,8
1239.07,118,466,102,11
4019.71,44,528,102,14
5477.2,324,1018,102,6
4614.02,178,844,102,12
321.35,5,80,65,10
3992.67,90,659,102,2
937.23,26,276,101,7
181.51,3,64,44,12
2333.16,68,406,102,15
2022.54,26,533,95,5
9489.82,346,1711,102,2
450.33,29,189,100,10
1270.35,80,338,82,9
570.03,21,122,93,10
1497.56,30,398,102,16
791.54,75,75,101,2
1574.94,49,383,102,5
589.17,16,147,102,14
7456.64,133,767,102,8
13379.78,429,1382,102,16
1491.0,151,361,102,7
5763.97,460,1333,102,2
16960.59,315,1973,102,17
77.44,3,20,11,9
8754.12,148,1405,101,11
2304.15,67,542,102,13
668.96,23,171,95,16
3273.95,209,436,102,16
4728.67,312,1287,102,12
361.88,46,106,98,17
2244.17,70,252,101,9
1594.87,52,332,101,14
6974.46,71,1050,102,5
2789.51,134,748,102,11
1007.97,31,353,97,14
3888.44,126,853,102,10
1160.57,46,258,99,18
972.47,59,323,101,14
12332.91,228,1445,102,8
5008.79,105,696,102,13
1103.88,79,302,102,17
1389.3700000000001,17,327,99,8
17152.63,265,2375,102,16
2057.9,73,478,100,12
989.26,26,213,95,9
833.51,33,207,101,16
2093.06,157,483,102,12
2428.06,88,601,102,17
916.97,70,206,100,12
439.03000000000003,55,102,96,11
1336.14,116,301,102,9
2462.95,45,446,102,11
8381.66,186,1555,98,7
8003.99,98,1436,99,7
13404.83,230,2050,102,16
698.36,45,157,100,3
2709.53,83,535,102,11
2057.89,62,576,102,17
4615.35,118,996,102,13
4661.63,137,733,102,5
1960.24,74,569,98,14
2158.85,66,372,102,11
240.09,88,75,83,12
6320.64,123,1029,101,1
62.06,8,32,49,4
6009.24,179,873,102,2
582.45,31,137,100,5
275.01,12,80,92,6
1389.32,74,420,101,6
1830.83,58,266,102,14
14682.81,321,1585,102,14
105.69,11,28,102,16
5078.05,86,723,100,15
266.1,9,50,102,18
751.89,27,180,83,6
13967.37,150,1878,101,2
10685.72,366,1923,90,7
1148.68,117,344,102,2
369.59000000000003,25,117,99,9
336.09000000000003,18,106,102,7
23646.920000000002,323,2808,102,10
781.34,29,131,98,16
2671.77,146,577,101,1
106.36,3,19,100,97
1322.87,47,390,102,16
1267.76,43,478,99,2
14193.61,166,1549,102,2
2722.37,100,689,84,10
5683.36,73,1011,102,10
5903.55,103,1154,100,3
353.8,16,56,94,5
270.6,24,154,102,8
11955.380000000001,361,1827,102,2
1955.25,53,494,101,9
2384.25,76,633,101,1
11703.97,1210,1590,102,17
2111.55,69,586,102,18
262.42,10,103,99,12
2996.82,149,657,102,4
5698.38,306,1222,100,7
5934.36,196,524,102,15
4627.4800000000005,240,1000,102,17
2690.84,57,642,102,15
4278.51,109,1046,100,4
1220.38,30,226,102,5
3232.55,93,500,102,13
278.87,56,75,95,14
2100.28,72,491,101,13
1915.65,46,490,102,15
16616.78,322,1778,102,15
1255.85,43,351,98,1
412.75,14,110,99,5
4821.89,80,625,101,14
111.34,16,28,94,7
2159.78,98,659,89,3
234.37,29,78,95,2
2423.25,79,280,102,9
2806.27,174,454,100,17
9394.58,343,1351,102,8
4528.71,90,508,100,17
520.29,41,167,95,1
843.76,43,226,98,11
7414.1,117,1227,102,13
313.65,7,106,33,16
5500.03,168,1095,101,16
4495.53,142,993,102,6
1377.69,27,295,97,12
2709.79,76,461,102,16
5307.52,172,972,102,14
2138.71,98,375,102,1
3208.19,71,866,102,17
2585.6,124,714,100,17
6249.35,82,1096,98,2
2841.4,114,493,101,1
3925.4900000000002,183,869,102,11
1107.54,82,345,102,5
8311.08,154,1238,102,7
1323.34,56,311,100,12
5018.78,177,861,102,12
2185.28,92,542,102,15
822.64,36,206,87,6
555.64,18,122,93,7
801.41,19,208,102,6
6158.06,306,959,102,14
1056.96,51,258,102,17
865.7,33,230,101,7
1703.02,63,471,102,17
1485.44,62,443,99,5
1046.59,47,283,90,4
633.92,54,134,87,4
1428.9,39,321,102,2
4048.29,61,633,102,12
1538.01,84,178,101,13
5262.3,227,982,100,10
550.48,17,179,92,7
1095.1,35,217,101,1
2035.1,76,398,93,15
188.49,10,59,98,3
14681.32,391,1814,102,15
727.45,67,144,101,6
1088.9,36,289,102,8
118.69,10,48,87,17
559.76,18,140,100,14
3425.7,151,605,102,7
4860.81,138,819,100,3
6665.22,179,887,102,13
2108.17,26,345,100,17
906.5500000000001,8,319,101,6
2636.57,63,607,100,6
2019.25,76,458,101,7
12763.78,279,1676,102,15
301.41,17,96,89,2
178.68,6,85,86,3
1676.34,126,308,102,13
4422.9800000000005,110,718,102,7
196.11,9,59,102,3
1572.61,113,329,102,13
1199.3700000000001,65,275,100,12
4583.46,102,692,96,6
8749.76,81,1643,101,7
368.07,5,93,64,4
2838.62,59,610,102,11
4122.83,113,895,102,8
4361.02,119,689,102,15
2437.06,115,282,101,16
8725.94,346,1303,102,1
323.27,19,22,101,10
1807.16,66,393,101,3
1885.95,60,479,94,9
978.85,43,287,101,11
4948.11,238,1183,102,17
609.75,30,139,89,18
771.51,23,284,97,13
3303.85,46,665,101,3
972.68,15,260,86,17
4841.9400000000005,74,918,101,8
3061.58,184,568,102,16
596.88,72,172,102,8
2563.57,139,503,102,13
1223.56,99,316,101,6
624.33,36,163,99,12
4029.19,153,454,65,7
69.94,6,19,102,5
6546.05,217,1647,102,5
6455.78,190,838,102,11
7520.9400000000005,132,876,102,13
9300.73,205,1392,101,2
10866.87,290,1534,102,5
3060.77,84,705,100,14
8335.74,192,1240,102,4
3060.36,146,653,102,6
4551.68,110,932,101,15
392.87,30,114,101,13
5339.03,109,782,102,12
1271.24,76,377,101,12
1540.47,77,480,98,10
1118.33,56,255,102,3
20671.5,971,3159,101,6
966.05,32,155,102,13
1051.1,22,294,100,5
11593.06,189,1318,102,8
158.42,12,56,71,15
1121.48,51,316,100,17
2089.29,165,415,99,5
2581.82,99,516,102,17
12850.56,396,2002,102,13
2506.89,90,644,95,11
660.92,37,162,100,4
1042.06,91,215,99,12
947.61,52,339,102,2
1220.81,42,302,102,15
330.68,9,102,87,1
511.41,49,157,99,18
5079.02,124,823,99,13
403.26,14,47,69,17
1871.22,40,427,99,3
3354.42,146,649,102,2
14279.7,136,1812,102,17
1716.05,29,392,99,10
5403.5,148,884,102,17
2728.77,71,711,98,2
1770.91,83,242,102,1
7824.64,157,1274,102,12
1502.2,82,460,102,10
3265.52,83,1060,102,6
601.25,26,185,99,8
6327.51,119,992,101,10
9403.42,139,2081,101,11
699.16,33,252,100,16
950.77,62,261,82,10
2858.85,133,611,102,3
2588.73,111,478,78,3
2120.93,35,484,101,17
209.0,20,60,93,11
4339.66,63,758,98,17
7111.9800000000005,221,991,101,12
2601.6,172,642,102,16
3394.07,90,709,102,11
5486.16,113,1082,102,12
